{"cameraMode":{"drawMode":0,"name":"Shaded","section":"Shading Mode"},"sceneLighting":false,"audioPlay":false,"sceneViewState":{"m_AlwaysRefresh":false,"showFog":true,"showSkybox":false,"showFlares":true,"showImageEffects":true,"showParticleSystems":true,"showVisualEffectGraphs":true,"m_FxEnabled":true},"in2DMode":false,"pivot":{"x":-4.309552192687988,"y":0.6078752279281616,"z":-3.9150307178497316},"rotation":{"x":0.013455322943627835,"y":0.9216065406799316,"z":-0.031457919627428058,"w":0.3869078755378723},"size":1.1582146883010865,"orthographic":false}