{"cameraMode":{"drawMode":0,"name":"Shaded","section":"Shading Mode"},"sceneLighting":false,"audioPlay":false,"sceneViewState":{"m_AlwaysRefresh":false,"showFog":true,"showSkybox":false,"showFlares":true,"showImageEffects":true,"showParticleSystems":true,"showVisualEffectGraphs":true,"m_FxEnabled":true},"in2DMode":false,"pivot":{"x":-2.359522581100464,"y":0.9756162166595459,"z":-10.849299430847168},"rotation":{"x":0.014665905386209488,"y":0.9209258556365967,"z":-0.034201186150312427,"w":0.38824740052223208},"size":3.9165101051330568,"orthographic":false}